{"cameraMode":{"drawMode":0,"name":"Shaded","section":"Shading Mode"},"sceneLighting":true,"audioPlay":false,"sceneViewState":{"m_AlwaysRefresh":false,"showFog":true,"showSkybox":true,"showFlares":true,"showImageEffects":true,"showParticleSystems":true,"showVisualEffectGraphs":true,"m_FxEnabled":true},"in2DMode":false,"pivot":{"x":-2.523449659347534,"y":0.5212708115577698,"z":-16.463539123535158},"rotation":{"x":-0.005684238392859697,"y":0.9777287840843201,"z":-0.02670818753540516,"w":-0.20808804035186768},"size":5.407395362854004,"orthographic":false}